date,run_id,dataset_id,profile,maintenance_period,repeat_id,matched_poses,ate_se3_rmse_m,ate_sim3_rmse_m,sim3_scale,rpet_se3_rmse_m,rper_se3_rmse_deg,trajectory_sha256,keyframe_timeline_sha256,returncode,notes,run_dir
2026-05-12,sequential_smoke_v1,backend_maskonly_smoke30_wxyz,sequential_semantic_only,1,run_1,28,0.030436275498378216,0.01315391753792174,0.6577148649026562,0.010277457944012032,0.49214469081501644,142a971220581c2463a70e01c29116f60729ae65404cf275bbc4ae5ea9fa2df4,3fbb02cad43a1f41291e34d41ba058d12c7bef15810044c63d03651f271cec72,0,initial bit-level reproducible smoke baseline,/home/lj/dynamic-slam-public/runs/sequential_smoke_repeat_20260512_142942/run_1
2026-05-12,sequential_full_v1,backend_maskonly_full_wxyz,sequential_semantic_only,1,run_1,857,0.8145591308321366,0.28893397158820505,0.09857614706996677,0.04215507821619725,0.8065276533848832,d566c362b27ac705fdc58b07defb2154853183c161493f305fd1561f7b2ca9f4,5c00cc443cbdc8df460e6d9002e61506022934537c77e093305581b20814bd4b,0,full bit-level reproducible but unusable accuracy,/home/lj/dynamic-slam-public/runs/sequential_full_noop_repeat_20260512_143012/run_1
2026-05-12,sequential_v2_full_p1,backend_maskonly_full_wxyz,hybrid_sequential_semantic_only,1,run_1,857,0.4848191883476393,0.28358471827658643,0.2027365555921536,0.012083448069271953,0.4778904983882864,2ca15e3abfac8590fdf3a7a538a9bdcfa137ab98bb980b3b2ec584e0722b931f,64129e2e53ba4c40c044afb8ea93cdd7462fadfad5dccc469727a0263ce65fdb,0,two-stage sequential mapper before fixing hybrid wrapper override,/home/lj/dynamic-slam-public/runs/hybrid_full_repeat_20260512_1536/r1
2026-05-12,hybrid_smoke_p4,backend_maskonly_smoke30_wxyz,hybrid_sequential_semantic_only,4,run_1,28,0.036226461260208745,0.013283750880940576,0.6099684485954734,0.012849352165927927,0.5055768484505319,33312912a7a8d16c0e0f8f0ef579ec46dfff50d3dc0b553f0aa610c6bb33ba0a,cfb385afae21c1107d6fad1e6b5c4d78c8a25105cc89cdf3ca3e5fdc4da0bbc5,0,true hybrid smoke after wrapper fix; repeated bit-level stable,/home/lj/dynamic-slam-public/runs/hybrid_true_smoke_repeat_20260512_1540/r1
2026-05-12,hybrid_full_p4,backend_maskonly_full_wxyz,hybrid_sequential_semantic_only,4,run_1,857,0.3290513682839832,0.270971404001579,0.41117856645674866,0.01952303096587697,0.5253014404389965,36e0ce12b19076ab5bb761ccc782b9fe9b9552d1d1126cfdee922a6b28d895e5,cac955e6c1ebf12b0f77b11dc53b3adcc41a09e892eced49209bdec657eb2bac,0,true hybrid full baseline; repeated bit-level stable,/home/lj/dynamic-slam-public/runs/hybrid_true_full_repeat_20260512_1541/r1
2026-05-12,frontend_milddilate_nomask_hybrid,frontend_imagelevel_milddilate_full_wxyz,hybrid_sequential_semantic_only,4,run_1,857,0.018458609375489796,0.016327820994831828,0.9721254239335817,0.012051137524518796,0.365270439244165,91983235c1207bc7169dbbce5a4dcb3f2c3f93d944e63c23efcee1905c8a92a3,0c133a3c06be511349fa1c19c266467b69d3455efdef49031ae50e247fee276e,0,stable no-mask frontend reference; repeated bit-level stable,/home/lj/dynamic-slam-public/runs/stable_protocol_migration_20260512/frontend_milddilate_nomask_hybrid/r1
2026-05-12,frontend_milddilate_nomask_hybrid,frontend_imagelevel_milddilate_full_wxyz,hybrid_sequential_semantic_only,4,run_2,857,0.018458609375489796,0.016327820994831828,0.9721254239335817,0.012051137524518796,0.365270439244165,91983235c1207bc7169dbbce5a4dcb3f2c3f93d944e63c23efcee1905c8a92a3,0c133a3c06be511349fa1c19c266467b69d3455efdef49031ae50e247fee276e,0,stable no-mask frontend reference; repeated bit-level stable,/home/lj/dynamic-slam-public/runs/stable_protocol_migration_20260512/frontend_milddilate_nomask_hybrid/r2
2026-05-12,frontend_boxfallback_nomask_hybrid,frontend_imagelevel_boxfallback_full_wxyz,hybrid_sequential_semantic_only,4,run_1,857,0.017318758551014748,0.015418600070634805,0.9744083039129637,0.011779340605032848,0.3663959004112248,f1153edd018a4c3e5aaa6e61275f2527b4e531e673c83c25d43f4c0773bc84be,db8cb2490cda85a51b40e0f95c39c928a639cee4b9dff7ab5648f19ddf66c2f9,0,stable no-mask frontend reference; repeated bit-level stable,/home/lj/dynamic-slam-public/runs/stable_protocol_migration_20260512/frontend_boxfallback_nomask_hybrid/r1
2026-05-12,frontend_boxfallback_nomask_hybrid,frontend_imagelevel_boxfallback_full_wxyz,hybrid_sequential_semantic_only,4,run_2,857,0.017318758551014748,0.015418600070634805,0.9744083039129637,0.011779340605032848,0.3663959004112248,f1153edd018a4c3e5aaa6e61275f2527b4e531e673c83c25d43f4c0773bc84be,db8cb2490cda85a51b40e0f95c39c928a639cee4b9dff7ab5648f19ddf66c2f9,0,stable no-mask frontend reference; repeated bit-level stable,/home/lj/dynamic-slam-public/runs/stable_protocol_migration_20260512/frontend_boxfallback_nomask_hybrid/r2
2026-05-12,backend_geom_soft_cap010_w025_hybrid,backend_maskonly_full_wxyz,hybrid_sequential_geom_dynamic_reject,4,run_1,772,0.5310027042217421,0.2872001495536934,0.17704438869149897,0.057178910808980285,1.069763778443865,14b37047e9b9ddd8ba6832401cb4ad8738e4f876a2f11912184a3339fa2a12d4,455447856e924bfafc23adbf867fae7ea24360286b851bbe517abfe577e66f7f,0,old soft route under stable protocol; repeated bit-level stable negative result,/home/lj/dynamic-slam-public/runs/stable_protocol_migration_20260512/backend_geom_soft_cap010_w025_hybrid/r1
2026-05-12,backend_geom_soft_cap010_w025_hybrid,backend_maskonly_full_wxyz,hybrid_sequential_geom_dynamic_reject,4,run_2,772,0.5310027042217421,0.2872001495536934,0.17704438869149897,0.057178910808980285,1.069763778443865,14b37047e9b9ddd8ba6832401cb4ad8738e4f876a2f11912184a3339fa2a12d4,455447856e924bfafc23adbf867fae7ea24360286b851bbe517abfe577e66f7f,0,old soft route under stable protocol; repeated bit-level stable negative result,/home/lj/dynamic-slam-public/runs/stable_protocol_migration_20260512/backend_geom_soft_cap010_w025_hybrid/r2
2026-05-12,fingerprint_frontend_boxfallback_obs_full,frontend_imagelevel_boxfallback_full_wxyz,hybrid_sequential_semantic_only,4,run_1,857,0.01816323346200155,0.016225267854078962,0.9735313118150726,0.011928140712189117,0.3615986124251387,f35366ee0b7e8068cecaaa264c91ec55c1c216a300c25783938d5d96dbadd76a,20f8e816628576e91990d527e13f921519c8dec67de0a01598edc2c9ce613868,0,full fingerprint with observability; strong frontend remains stable after pose optimization/g2o rebuild,/home/lj/dynamic-slam-public/runs/fingerprint_full_20260512_1810/frontend_boxfallback_nomask_hybrid
2026-05-12,fingerprint_backend_maskonly_obs_full,backend_maskonly_full_wxyz,hybrid_sequential_semantic_only,4,run_1,857,0.38193773807567244,0.271534133471007,0.3247590067726269,0.012486354076118337,0.5190985919490564,e952acdd62214d0bb0cca48b00586898b126fc77f6c8b6745be17a84a5761629,3ca3de61b92a3448e9f7e66b6c071b8856d0feb4db6f70dc1d5b456497e9b099,0,full fingerprint with observability; matched intact but scale/ATE poor; final map much denser than frontend,/home/lj/dynamic-slam-public/runs/fingerprint_full_20260512_1810/backend_maskonly_hybrid
2026-05-12,fingerprint_backend_soft_obs_full,backend_maskonly_full_wxyz,hybrid_sequential_geom_dynamic_reject,4,run_1,773,0.5395822571478048,0.2862578138498388,0.17638205753554248,0.027629219960073836,0.6818080131471287,62499523f91f22689146789c167a4602778976a4e4ad2478cb8910d67ebfc2c6,3dda4f15f015d37a91992073773c300adb3538d5984dd27728477af01b51f2b1,0,full fingerprint with observability; soft route loses pose support from frame 770 and remains negative,/home/lj/dynamic-slam-public/runs/fingerprint_full_20260512_1810/backend_geom_soft_cap010_w025_hybrid
2026-05-12,early_intervention_A_rawrgb_rawdepth_full,ablation_ei_A_raw_rgb_raw_depth_wxyz,hybrid_sequential_semantic_only,4,run_1,857,0.5935036561807964,0.2549452049379983,0.22928277805970596,0.019608125201782983,0.49888639720862643,602c91e5b1b20b00c881faa0c5fb9c7ece6b115316d24dbec8ade1e854d8a1d7,d58ca347e35caf3c3c9b25524ba36b8e758cb70f26525a93d72a33695dab67ac,0,raw RGB + raw depth; no backend mask,/home/lj/dynamic-slam-public/runs/early_intervention_ablation_20260512_2026/A_raw_rgb_raw_depth
2026-05-12,early_intervention_B_filteredrgb_rawdepth_full,ablation_ei_B_filtered_rgb_raw_depth_wxyz,hybrid_sequential_semantic_only,4,run_1,857,0.35795820780978815,0.2677403616302428,0.36551821291601344,0.01692783567533715,0.4898870979852745,25fdb2d855c2b461d931e5b2cb835213d8d09f43043f17de0780f6983d9a6884,54476ca0b330e26cf73c32c5d6d7b7fdb84d020f2366631c24e4e79a615ac587,0,filtered RGB + raw depth; no backend mask,/home/lj/dynamic-slam-public/runs/early_intervention_ablation_20260512_2026/B_filtered_rgb_raw_depth
2026-05-12,early_intervention_C_rawrgb_filtereddepth_full,ablation_ei_C_raw_rgb_filtered_depth_wxyz,hybrid_sequential_semantic_only,4,run_1,857,0.01845725282347438,0.01602550621679512,0.9704061794680474,0.012053402539366632,0.37180081910363877,505c166a38e8ec7196827acd4980c477bf0fb979f18c21b69299b42f4ad68d91,58c810bdb6ab218f5634fdfc8e8e6407d5e7b078d052fcbe70485089183355c1,0,raw RGB + filtered depth; no backend mask,/home/lj/dynamic-slam-public/runs/early_intervention_ablation_20260512_2026/C_raw_rgb_filtered_depth
2026-05-12,early_intervention_D_filteredrgb_filtereddepth_full,ablation_ei_D_filtered_rgb_filtered_depth_wxyz,hybrid_sequential_semantic_only,4,run_1,857,0.018361835183392555,0.016257685602947738,0.9723604177513177,0.012352533752891604,0.3687234360891869,cc72d150ed539e16a4662710f99c7fdeb70068f6e61177891db12adfbee81044,93c11a0fa972efc1c288dbf70b88b483aedb88720f507943d9fe0b8b4065a640,0,filtered RGB + filtered depth; no backend mask,/home/lj/dynamic-slam-public/runs/early_intervention_ablation_20260512_2026/D_filtered_rgb_filtered_depth
2026-05-12,early_intervention_C_rawrgb_filtereddepth_full_r2,ablation_ei_C_raw_rgb_filtered_depth_wxyz,hybrid_sequential_semantic_only,4,run_2,857,0.01845725282347438,0.01602550621679512,0.9704061794680474,0.012053402539366632,0.37180081910363877,505c166a38e8ec7196827acd4980c477bf0fb979f18c21b69299b42f4ad68d91,58c810bdb6ab218f5634fdfc8e8e6407d5e7b078d052fcbe70485089183355c1,0,raw RGB + filtered depth repeat; no backend mask,/home/lj/dynamic-slam-public/runs/early_intervention_ablation_20260512_2026/C_raw_rgb_filtered_depth_r2
2026-05-12,early_intervention_D_filteredrgb_filtereddepth_full_r2,ablation_ei_D_filtered_rgb_filtered_depth_wxyz,hybrid_sequential_semantic_only,4,run_2,857,0.018361835183392555,0.016257685602947738,0.9723604177513177,0.012352533752891604,0.3687234360891869,cc72d150ed539e16a4662710f99c7fdeb70068f6e61177891db12adfbee81044,93c11a0fa972efc1c288dbf70b88b483aedb88720f507943d9fe0b8b4065a640,0,filtered RGB + filtered depth repeat; no backend mask,/home/lj/dynamic-slam-public/runs/early_intervention_ablation_20260512_2026/D_filtered_rgb_filtered_depth_r2
2026-05-12,early_intervention_A_rawrgb_rawdepth_full_r2,ablation_ei_A_raw_rgb_raw_depth_wxyz,hybrid_sequential_semantic_only,4,run_2,857,0.5935036561807964,0.2549452049379983,0.22928277805970596,0.019608125201782983,0.49888639720862643,602c91e5b1b20b00c881faa0c5fb9c7ece6b115316d24dbec8ade1e854d8a1d7,d58ca347e35caf3c3c9b25524ba36b8e758cb70f26525a93d72a33695dab67ac,0,raw RGB + raw depth repeat; no backend mask,/home/lj/dynamic-slam-public/runs/early_intervention_ablation_20260512_2026/A_raw_rgb_raw_depth_r2
2026-05-12,early_intervention_B_filteredrgb_rawdepth_full_r2,ablation_ei_B_filtered_rgb_raw_depth_wxyz,hybrid_sequential_semantic_only,4,run_2,857,0.35795820780978815,0.2677403616302428,0.36551821291601344,0.01692783567533715,0.4898870979852745,25fdb2d855c2b461d931e5b2cb835213d8d09f43043f17de0780f6983d9a6884,54476ca0b330e26cf73c32c5d6d7b7fdb84d020f2366631c24e4e79a615ac587,0,filtered RGB + raw depth repeat; no backend mask,/home/lj/dynamic-slam-public/runs/early_intervention_ablation_20260512_2026/B_filtered_rgb_raw_depth_r2
2026-05-12,dropout_C_random_same_count_full,dropout_C_random_same_count_wxyz,hybrid_sequential_semantic_only,4,run_1,857,0.585112426357756,0.27910510695690594,0.1786979466329045,0.01814403149478621,0.48071910378198063,968b2701964c269b19c888b6bed63a05a2f2e992b7da25a3176bd203b2d75663,7f581cf885b11086df860650f3eaccbc350c589a7eda9af0174a8f3728c547ab,0,raw RGB + random same-count depth dropout; no backend mask,/home/lj/dynamic-slam-public/runs/depth_dropout_controls_20260512_2348/C_random_same_count
2026-05-12,dropout_C_static_same_count_full,dropout_C_static_same_count_wxyz,hybrid_sequential_semantic_only,4,run_1,857,0.6283145762726979,0.2809659914910392,0.16010759563764373,0.01995143165600156,0.5136405454854458,4f3faec435b484998080d269332a9f7bb02ab8f99638341e58aebdf616cb3866,27cf22e80d119c83dd8d6406f7c9fb05230db413f24bace07d48e6708719d91e,0,raw RGB + static-region same-count depth dropout; no backend mask,/home/lj/dynamic-slam-public/runs/depth_dropout_controls_20260512_2348/C_static_same_count
2026-05-13,backend_dynamic_depth_v1_full,ablation_ei_A_raw_rgb_raw_depth_wxyz,hybrid_sequential_semantic_only,4,run_1,857,0.033068364588654496,0.030440348095092717,0.9586023515803823,0.016214879496741434,0.4296651165339203,ca11d0300db7c7b4221649e6e73a11fb38fd00e84fd6735d91869bc63693a452,e79064d18a7a51eccd302edbc6a4fc755f9bd364e52de0db7121f2089af4a77e,0,raw RGB + raw depth + backend dynamic depth invalidation side-channel-only,/home/lj/dynamic-slam-public/runs/backend_dynamic_depth_v1_20260513_002527/v1_frame_depth_invalidation
2026-05-13,backend_dynamic_depth_v1_full_r2,ablation_ei_A_raw_rgb_raw_depth_wxyz,hybrid_sequential_semantic_only,4,run_2,857,0.033068364588654496,0.030440348095092717,0.9586023515803823,0.016214879496741434,0.4296651165339203,ca11d0300db7c7b4221649e6e73a11fb38fd00e84fd6735d91869bc63693a452,e79064d18a7a51eccd302edbc6a4fc755f9bd364e52de0db7121f2089af4a77e,0,raw RGB + raw depth + backend dynamic depth invalidation repeat side-channel-only,/home/lj/dynamic-slam-public/runs/backend_dynamic_depth_v1_20260513_002527/v1_frame_depth_invalidation_r2
2026-05-13,backend_dynamic_depth_v1b_radius1_full,ablation_ei_A_raw_rgb_raw_depth_wxyz,hybrid_sequential_semantic_only,4,run_1,857,0.019391347683514523,0.017720518929423994,0.9744376057234948,0.01221947994480027,0.36817429445569794,3529e44c834a98501efd3590b8ecc2e1996e9424fced4b138a6077aef4d05dbd,b530fbb8c42f0992f7a5c449b775a53eea688ac25bd0a8c7cd65b79f3cdb6160,0,raw RGB + raw depth + backend dynamic depth invalidation radius1 side-channel-only,/home/lj/dynamic-slam-public/runs/backend_dynamic_depth_v1b_20260513_0039/radius1
2026-05-13,backend_dynamic_depth_v1b_radius1_full_r2,ablation_ei_A_raw_rgb_raw_depth_wxyz,hybrid_sequential_semantic_only,4,run_2,857,0.019391347683514523,0.017720518929423994,0.9744376057234948,0.01221947994480027,0.36817429445569794,3529e44c834a98501efd3590b8ecc2e1996e9424fced4b138a6077aef4d05dbd,b530fbb8c42f0992f7a5c449b775a53eea688ac25bd0a8c7cd65b79f3cdb6160,0,raw RGB + raw depth + backend dynamic depth invalidation radius1 repeat side-channel-only,/home/lj/dynamic-slam-public/runs/backend_dynamic_depth_v1b_20260513_0039/radius1_r2
2026-05-13,backend_dynamic_depth_v1b_radius2_full,ablation_ei_A_raw_rgb_raw_depth_wxyz,hybrid_sequential_semantic_only,4,run_1,857,0.019848476062390555,0.017441302864575573,0.9694046697007076,0.012144433701111885,0.36390781241616915,5e3eca1da11c4497131f06ca143e73fa3a89470e870216d6f4f12b300a90cf68,8097cdce173e7d3581d978ec84e0a17e1b688981687c4142e8a516f604fdffd4,0,raw RGB + raw depth + backend dynamic depth invalidation radius2 side-channel-only sensitivity,/home/lj/dynamic-slam-public/runs/backend_dynamic_depth_v1b_20260513_0039/radius2
2026-05-13,backend_map_admission_v2_full,ablation_ei_A_raw_rgb_raw_depth_wxyz,hybrid_sequential_semantic_only,4,run_1,857,0.01819210416379187,0.016019395770813356,0.972088733955016,0.012129946920710555,0.37242448787304644,2347b2727a0def47d4ba4ea55bfe205ea6a872a96eddb102c718c0d0d4558d58,c1fcba0b72c379975f57fbbf86d22c49b2a974f942084014db300c8a9c0522c5,0,raw RGB + raw depth + backend V2 map-admission-only veto; depth invalidation off; mask side-channel only,/home/lj/dynamic-slam-public/runs/backend_map_admission_v2_20260513_133243/v2_map_admission_only
2026-05-13,backend_map_admission_v2_full_r2,ablation_ei_A_raw_rgb_raw_depth_wxyz,hybrid_sequential_semantic_only,4,run_2,857,0.01819210416379187,0.016019395770813356,0.972088733955016,0.012129946920710555,0.37242448787304644,2347b2727a0def47d4ba4ea55bfe205ea6a872a96eddb102c718c0d0d4558d58,c1fcba0b72c379975f57fbbf86d22c49b2a974f942084014db300c8a9c0522c5,0,raw RGB + raw depth + backend V2 map-admission-only veto; depth invalidation off; mask side-channel only,/home/lj/dynamic-slam-public/runs/backend_map_admission_v2_20260513_133243/v2_map_admission_only_r2
2026-05-13,backend_map_admission_v2_gate_full_v2_compat,ablation_ei_A_raw_rgb_raw_depth_wxyz,hybrid_sequential_semantic_only,4,run_1,857,0.01819210416379187,0.016019395770813356,0.972088733955016,0.012129946920710555,0.37242448787304644,2347b2727a0def47d4ba4ea55bfe205ea6a872a96eddb102c718c0d0d4558d58,c1fcba0b72c379975f57fbbf86d22c49b2a974f942084014db300c8a9c0522c5,0,full V2 compatibility after gate switches; depth invalidation off; mask side-channel only,/home/lj/dynamic-slam-public/runs/backend_map_admission_v2_gate_ablation_20260513_144136/full_v2_compat
2026-05-13,backend_map_admission_v2_gate_create_new_keyframe_plus_localmapping,ablation_ei_A_raw_rgb_raw_depth_wxyz,hybrid_sequential_semantic_only,4,run_1,857,0.01793393810738161,0.016273847525171116,0.9755167128156471,0.01216063796284151,0.3677589268210792,963b004699db984fc94ca6c902aeadf3ae7d888cc8e171ba037f15d49c8f58dd,ca4a144976a04230e5528c4172e5d906786fe06f6f7f785845565cef8fc51de2,0,CreateNewKeyFrame + LocalMapping only; depth invalidation off; mask side-channel only,/home/lj/dynamic-slam-public/runs/backend_map_admission_v2_gate_ablation_20260513_144136/create_new_keyframe_plus_localmapping
2026-05-13,backend_map_admission_v2_gate_create_new_keyframe_plus_localmapping_r2,ablation_ei_A_raw_rgb_raw_depth_wxyz,hybrid_sequential_semantic_only,4,run_2,857,0.01793393810738161,0.016273847525171116,0.9755167128156471,0.01216063796284151,0.3677589268210792,963b004699db984fc94ca6c902aeadf3ae7d888cc8e171ba037f15d49c8f58dd,ca4a144976a04230e5528c4172e5d906786fe06f6f7f785845565cef8fc51de2,0,CreateNewKeyFrame + LocalMapping only repeat; depth invalidation off; mask side-channel only,/home/lj/dynamic-slam-public/runs/backend_map_admission_v2_gate_ablation_20260513_144136/create_new_keyframe_plus_localmapping_r2
2026-05-13,backend_map_admission_v2_gate_stereo_initialization_only,ablation_ei_A_raw_rgb_raw_depth_wxyz,hybrid_sequential_semantic_only,4,run_1,857,0.6026911295519861,0.2806733366773446,0.16826145567804537,0.019679005179734445,0.5097668104373941,62e123003796ca42f2d8a619fd541d230a3b4a4bbc8cd8841ec19b514100abdb,56b59bf3ee35e98bafd176ff8251a0380351b79e70217593ccec675c52b572b3,0,StereoInitialization only; depth invalidation off; mask side-channel only,/home/lj/dynamic-slam-public/runs/backend_map_admission_v2_gate_ablation_20260513_144136/stereo_initialization_only
2026-05-13,backend_map_admission_v2_gate_full_v2_minus_need_new_keyframe,ablation_ei_A_raw_rgb_raw_depth_wxyz,hybrid_sequential_semantic_only,4,run_1,857,0.017466344929029574,0.015512930789050229,0.9739678095605736,0.012085069022086649,0.38447860865966144,a9c91a31f069b0147f4cef0c6bcfd1946503b68d96ffbb3984be2c3dafc4e427,acd244b0ba32e135055f7dc75d150db46f3037a99ebdf509e0b16b755df8df8f,0,Full V2 minus NeedNewKeyFrame; depth invalidation off; mask side-channel only,/home/lj/dynamic-slam-public/runs/backend_map_admission_v2_gate_ablation_20260513_144136/full_v2_minus_need_new_keyframe
2026-05-13,backend_map_admission_v2_gate_full_v2_minus_need_new_keyframe_r2,ablation_ei_A_raw_rgb_raw_depth_wxyz,hybrid_sequential_semantic_only,4,run_2,857,0.017466344929029574,0.015512930789050229,0.9739678095605736,0.012085069022086649,0.38447860865966144,a9c91a31f069b0147f4cef0c6bcfd1946503b68d96ffbb3984be2c3dafc4e427,acd244b0ba32e135055f7dc75d150db46f3037a99ebdf509e0b16b755df8df8f,0,Full V2 minus NeedNewKeyFrame repeat; depth invalidation off; mask side-channel only,/home/lj/dynamic-slam-public/runs/backend_map_admission_v2_gate_ablation_20260513_144136/full_v2_minus_need_new_keyframe_r2
2026-05-13,backend_map_admission_v2_gate_create_new_keyframe_only,ablation_ei_A_raw_rgb_raw_depth_wxyz,hybrid_sequential_semantic_only,4,run_1,857,0.02560076824751233,0.024892283453742222,0.9804313379705574,0.013676575659985382,0.38665411096446856,14f327ed40c766bce77f0030735111bb244275b8536fd843a1ba5b074d20af56,5d428e5546cf7ecf6993fadebea1c5186145bb4df4ca57e3ec595e62fc2a25e4,0,CreateNewKeyFrame only; depth invalidation off; mask side-channel only,/home/lj/dynamic-slam-public/runs/backend_map_admission_v2_gate_ablation_20260513_144136/create_new_keyframe_only
2026-05-13,backend_map_admission_v2_gate_create_new_keyframe_only_r2,ablation_ei_A_raw_rgb_raw_depth_wxyz,hybrid_sequential_semantic_only,4,run_2,857,0.02560076824751233,0.024892283453742222,0.9804313379705574,0.013676575659985382,0.38665411096446856,14f327ed40c766bce77f0030735111bb244275b8536fd843a1ba5b074d20af56,5d428e5546cf7ecf6993fadebea1c5186145bb4df4ca57e3ec595e62fc2a25e4,0,CreateNewKeyFrame only repeat; depth invalidation off; mask side-channel only,/home/lj/dynamic-slam-public/runs/backend_map_admission_v2_gate_ablation_20260513_144136/create_new_keyframe_only_r2
2026-05-13,external_wstatic_raw_baseline,external_wstatic_rawrgb_rawdepth_mask,hybrid_sequential_semantic_only,4,run_1,740,0.04376990730681336,0.015914335625286574,0.32829674252892127,0.02235414898726376,0.40034685581739715,afb6ad9ef2460c19d950137174e95d0a627d061fa7d01ab54a152b5232189004,f0ca9ca657df97a3ae39bc853b0c78b07106cf2a2e2ddd2b07540cc8a6c43e04,0,walking_static raw RGB-D baseline; no mask side-channel passed; association timing diagnostic has 17 rgb-depth and 3 gt pairs over 0.03s,/home/lj/dynamic-slam-public/runs/external_wstatic_d2ma_min_20260513_162610/raw_baseline
2026-05-13,external_wstatic_d2ma_min,external_wstatic_rawrgb_rawdepth_mask,hybrid_sequential_semantic_only,4,run_1,740,0.017037059986040354,0.01169476034946591,0.64655604726543,0.012511439461624797,0.24755671410413752,fd1ed211f47dd700fb03f39514a8a5a1e125b54630366e95f96d5aa4078a7c79,651234b59dd9a45487ddb7b976612d6f81f897b1c65c291c1ad2edad83888fd8,0,walking_static D2MA-min CreateNewKeyFrame + LocalMapping; raw RGB-D unchanged; improves SE3/RPE but scale still not near 1,/home/lj/dynamic-slam-public/runs/external_wstatic_d2ma_min_20260513_162610/d2ma_min
2026-05-13,external_wrpy_raw_baseline,external_wrpy_rawrgb_rawdepth_mask,hybrid_sequential_semantic_only,4,run_1,906,0.9970570564815908,0.15795060583918957,0.08493938477823525,0.026161384116877143,0.6262470341786287,98f24b00e99e63ed42b6f0ff8250cc19654e3a34297611c971bc8d70acaf50e2,e2edf16c21f20f81e3ae5c690d47fc79607150f109b417ffe1f48ffbb06a2727,0,walking_rpy raw RGB-D external dynamic-camera baseline; severe scale/path collapse; no mask side-channel passed,/home/lj/dynamic-slam-public/runs/external_wrpy_d2ma_min_20260513_170248/raw_baseline
2026-05-13,external_wrpy_d2ma_min,external_wrpy_rawrgb_rawdepth_mask,hybrid_sequential_semantic_only,4,run_1,906,0.3673864463369759,0.1372052549327148,0.2609066187528472,0.02426104612141121,0.5914287629657957,956f9f0b5aa75e0c68ac0c6e974441dc77daaa73f1cd113db6a157609a995bbe,de8ebd9ad2e07721f1bfa9c1fe6f44b2cd9dc8a4740d78f4ae816572b18fc44d,0,walking_rpy D2MA-min CreateNewKeyFrame + LocalMapping; improves raw but remains residual failure regime,/home/lj/dynamic-slam-public/runs/external_wrpy_d2ma_min_20260513_170248/d2ma_min
2026-05-13,external_wrpy_d2ma_min_r2,external_wrpy_rawrgb_rawdepth_mask,hybrid_sequential_semantic_only,4,run_2,906,0.3673864463369759,0.1372052549327148,0.2609066187528472,0.02426104612141121,0.5914287629657957,956f9f0b5aa75e0c68ac0c6e974441dc77daaa73f1cd113db6a157609a995bbe,de8ebd9ad2e07721f1bfa9c1fe6f44b2cd9dc8a4740d78f4ae816572b18fc44d,0,walking_rpy D2MA-min repeat bit-level stable; improves raw but remains residual failure regime,/home/lj/dynamic-slam-public/runs/external_wrpy_d2ma_min_20260513_170248/d2ma_min_r2
2026-05-13,wrpy_ei_B_filtered_rgb_raw_depth,ablation_ei_B_filtered_rgb_raw_depth_wrpy,hybrid_sequential_semantic_only,4,run_1,906,0.47204699822286894,0.14850258856170986,0.19137725918924123,0.028758618205190455,0.6529024876241484,8b41553712657d645f230b989756434c10cd22b3de9eff130fb32615c3450301,b45ac02d1a863deb351f3f8bebbf21d1e5765b9aabd2381485bc540c348e7ab8,0,walking_rpy early intervention B filtered RGB + raw depth; partial improvement only,/home/lj/dynamic-slam-public/runs/wrpy_early_intervention_20260513_180140/B_filtered_rgb_raw_depth
2026-05-13,wrpy_ei_C_raw_rgb_filtered_depth,ablation_ei_C_raw_rgb_filtered_depth_wrpy,hybrid_sequential_semantic_only,4,run_1,906,0.29257850671933877,0.1257204204930571,0.3336150157940043,0.02389670135513659,0.5837894723243126,e92c6ce24889d18ba31c630d61f24408b5e7ae053ebd8c1545f287abb766b7fe,1940094bd23b466c50e1962d9bb281e1fd847b3d44e5856007f5e07281dca872,0,walking_rpy early intervention C raw RGB + filtered depth; upper bound improves but still residual failure,/home/lj/dynamic-slam-public/runs/wrpy_early_intervention_20260513_180140/C_raw_rgb_filtered_depth
2026-05-13,wrpy_ei_D_filtered_rgb_filtered_depth,ablation_ei_D_filtered_rgb_filtered_depth_wrpy,hybrid_sequential_semantic_only,4,run_1,906,0.24913291705064813,0.12360832736249293,0.38294340685631034,0.025969170051528635,0.5937758577251803,11833f08657b534999d8a1c5150de5d2c9f5558c8503668b597cbb7e8025221d,58e4503705a4ff9c218bafce810e65a73af7b1df81c4da82146a9b6d4b0cb3c5,0,walking_rpy early intervention D filtered RGB + filtered depth; best upper bound but not xyz-like recovery,/home/lj/dynamic-slam-public/runs/wrpy_early_intervention_20260513_180140/D_filtered_rgb_filtered_depth
2026-05-13,wrpy_v1b_radius1_only,external_wrpy_rawrgb_rawdepth_mask,hybrid_sequential_semantic_only,4,run_1,906,0.5555638711709495,0.15168873719435985,0.15952002908251736,0.01905589920632855,0.5511956592443973,68f9c9e9dec6949b30852e73f8587a49346ba0ab97bd3f335258e7fbeade9c37,278f31d321981d60273a56ffeea5eb4a30d7dbf4a4f3250bc68032d55d191b64,0,walking_rpy V1b frame-level dynamic depth invalidation radius1 only; improves local RPE but worse SE3 than D2MA-min,/home/lj/dynamic-slam-public/runs/wrpy_v1b_combo_20260513_181105/V1b_radius1_only
2026-05-13,wrpy_d2ma_min_plus_v1b_radius1,external_wrpy_rawrgb_rawdepth_mask,hybrid_sequential_semantic_only,4,run_1,906,0.36939132991648704,0.13973833474385874,0.25551134403059467,0.025739526228413103,0.6086689322465958,0784a422e632a29b905f75d44674ac3703b9b2b954aae4ed50960f39b4ba3bc6,29d0d8079e1f2f2d5038137f54d981d032d976ce16376b7834947ca4dfe3019c,0,walking_rpy D2MA-min + V1b radius1; no complementarity over D2MA-min,/home/lj/dynamic-slam-public/runs/wrpy_v1b_combo_20260513_181105/D2MA_min_plus_V1b_radius1
2026-05-13,wrpy_d2ma_min_boundary_diag,external_wrpy_rawrgb_rawdepth_mask,hybrid_sequential_semantic_only,4,diagnostic,906,0.42793979141866084,0.14801106394030636,0.2099950265964067,0.024433128227010017,0.5994216105996409,01c95fde36bc63f5cd730279b9aa7d8888eec1d78f27d841f745a434b5d5c583,4b6d1752119f2410cad66e174accc3a9f8bde6cec1c7391f3f60c21858ebf9ff,0,diagnostic-only D2MA-min with STSLAM_DYNAMIC_MAP_ADMISSION_BOUNDARY_DIAGNOSTICS=1 radius5; use for candidate distribution not as comparable baseline,/home/lj/dynamic-slam-public/runs/wrpy_boundary_diag_d2ma_min_20260513_185107
2026-05-13,wrpy_d2ma_boundary_r5_run_1,external_wrpy_rawrgb_rawdepth_mask,hybrid_sequential_semantic_only,4,run_1,906,0.2699994375074346,0.12072192570782232,0.361678485496571,0.0261731926584138,0.6060053888883153,d7db27b3b12f0c133374d77e24c01a5d1fb98b79c60fd1fd399d39314edc58b8,240fc4a620f7a08e3fae4a542add43afb76cf526f56903b61972bc3c08cca3ce,0,"D2MA-boundary/support-aware admission r5: direct dynamic veto plus static-near-dynamic-mask new MapPoint/pair veto; boundary skipped new=8179, lm_pairs=587; depth invalidation off; mask side-channel only",/home/lj/dynamic-slam-public/runs/wrpy_d2ma_boundary_r5_20260513_193125
2026-05-13,wrpy_d2ma_boundary_r5_run_2,external_wrpy_rawrgb_rawdepth_mask,hybrid_sequential_semantic_only,4,run_2,906,0.2699994375074346,0.12072192570782232,0.361678485496571,0.0261731926584138,0.6060053888883153,d7db27b3b12f0c133374d77e24c01a5d1fb98b79c60fd1fd399d39314edc58b8,240fc4a620f7a08e3fae4a542add43afb76cf526f56903b61972bc3c08cca3ce,0,"D2MA-boundary/support-aware admission r5: direct dynamic veto plus static-near-dynamic-mask new MapPoint/pair veto; boundary skipped new=8179, lm_pairs=587; depth invalidation off; mask side-channel only",/home/lj/dynamic-slam-public/runs/wrpy_d2ma_boundary_r5_repeat_20260513_193431
2026-05-13,wxyz_d2ma_boundary_r5_run_1,ablation_ei_A_raw_rgb_raw_depth_wxyz,hybrid_sequential_semantic_only,4,run_1,857,0.017884008050644086,0.01604339384335689,0.9743573069394601,0.011772420044305934,0.37544396156156334,05e012796d16f66e67711b70bb8ca1a1258aba8b0ea416387c29e3b696d305f8,fb642444f6847d079090968b62cb534ea9e5d8dd2653945145c37d28ac851589,0,"D2MA-boundary/support-aware admission r5: direct dynamic veto plus static-near-dynamic-mask new MapPoint/pair veto; boundary skipped new=6507, lm_pairs=521; depth invalidation off; mask side-channel only",/home/lj/dynamic-slam-public/runs/wxyz_d2ma_boundary_r5_20260513_193745
2026-05-13,wstatic_d2ma_boundary_r5_run_1,external_wstatic_rawrgb_rawdepth_mask,hybrid_sequential_semantic_only,4,run_1,740,0.010971918193329332,0.00870271065401036,0.7820276366431497,0.010462353182265216,0.21977650851806008,44af41704fa4178fba79a97be898409f226dd71118f32cc4500b0141ff1208be,3cf4705311ce4d5e5f7efe3e0b9ad8330c7e08ae6ee71c4df584794cae40cd90,0,"D2MA-boundary/support-aware admission r5: direct dynamic veto plus static-near-dynamic-mask new MapPoint/pair veto; boundary skipped new=3916, lm_pairs=117; depth invalidation off; mask side-channel only",/home/lj/dynamic-slam-public/runs/wstatic_d2ma_boundary_r5_20260513_193936
2026-05-13,wrpy_d2ma_boundary_r3_run_1,external_wrpy_rawrgb_rawdepth_mask,hybrid_sequential_semantic_only,4,run_1,906,0.31780934492665,0.1307129786059108,0.30533890964434324,0.02760037649714435,0.6427857847107177,a82f667b65bf34f30bc66c6b7210514098af9638f9e267aca7b3ec56273be4d1,cd94105984985208eebf6867a9ff6a321bda613d50956304c9ef10b08575d7ba,0,"D2MA-boundary/support-aware admission r3: direct dynamic veto plus static-near-dynamic-mask new MapPoint/pair veto; boundary skipped new=5348, lm_pairs=361; depth invalidation off; mask side-channel only",/home/lj/dynamic-slam-public/runs/wrpy_d2ma_boundary_r3_20260513_194429
2026-05-13,wrpy_d2ma_boundary_r8_run_1,external_wrpy_rawrgb_rawdepth_mask,hybrid_sequential_semantic_only,4,run_1,906,0.2658445061763004,0.12040812160925599,0.3664946845667362,0.03308068083733845,0.7401723723418318,85738a261a151f95cdcbc0fe85ed3053af644369ac728aeb38f1cd31731bc6bd,330ba695258b0f26b525c09f88798b8acf3066ff7231d21c498ce3356822ed1c,0,"D2MA-boundary/support-aware admission r8: direct dynamic veto plus static-near-dynamic-mask new MapPoint/pair veto; boundary skipped new=10999, lm_pairs=936; depth invalidation off; mask side-channel only",/home/lj/dynamic-slam-public/runs/wrpy_d2ma_boundary_r8_20260513_194652
2026-05-13,wrpy_d2ma_boundary_samecount_control_r5_run_1,external_wrpy_rawrgb_rawdepth_mask,hybrid_sequential_semantic_only,4,run_1,906,0.6044245531259185,0.15630568296415367,0.13888401256218397,0.025395075791235254,0.5930529011934527,4463f344dfdef4835fdc204f38d236bf3f0bdbc928963412a0ee6f4defd68327,a78eb01436bb04e2e2f074e81addf434c6fffc8bdcf24f1ad4283891dec2804e,0,"same-count non-boundary veto control for D2MA-B r5; D2MA-min direct dynamic gates on, boundary targeting off; skipped nonboundary new=7988 vs boundary budget=7990, skipped nonboundary LM pairs=209 vs boundary pair budget=246; tests whether gains come from generic sparsification",/home/lj/dynamic-slam-public/runs/wrpy_d2ma_boundary_samecount_control_r5_20260513_202423
2026-05-13,whalfsphere_raw_baseline_run_1,external_whalfsphere_rawrgb_rawdepth_mask,raw_rgbd_sequential,4,run_1,1064,0.4188166062036593,0.2782355476400239,0.560135735861256,0.020017924648839662,0.5216620724262688,bcf5556fe754e324cbe4dbcefdc0033b920fde28176a75f3716d66f63560e076,6dc20b37bd00fd8688a6d3e7a562dcc9e8025c787d98ab0986341f84e3704beb,0,"external validation on TUM fr3/walking_halfsphere; raw RGB-D baseline; mask side-channel not passed; final_kfs=610, final_mps=13213, final_path=18.488295, lost_frames=0",/home/lj/dynamic-slam-public/runs/whalfsphere_d2ma_b_validation_20260513_205117/raw_baseline
2026-05-13,whalfsphere_d2ma_min_run_1,external_whalfsphere_rawrgb_rawdepth_mask,hybrid_sequential_semantic_only,4,run_1,1064,0.17846620727980655,0.13378420687408363,0.7982522810022967,0.0169867572846794,0.49854326075778027,556ffdc5a2886d8c94127a6df9a2d2486c15a981bd35ddae9d44b3839710146f,123bfd7d9ddc4208e8dfe22dad260d7ee425c36f57eb6d6aac9c41f5bd99abf1,0,"external validation on TUM fr3/walking_halfsphere; D2MA-min direct dynamic map-admission gates only; direct new veto=131112, LM instance pairs skipped=3054; final_kfs=370, final_mps=5491, final_path=16.107576, lost_frames=0",/home/lj/dynamic-slam-public/runs/whalfsphere_d2ma_b_validation_20260513_205117/d2ma_min
2026-05-13,whalfsphere_d2ma_b_r5_run_1,external_whalfsphere_rawrgb_rawdepth_mask,hybrid_sequential_semantic_only,4,run_1,1064,0.15609311235748924,0.11884398598286396,0.823257551203868,0.016220400138605894,0.48440217992782175,aef3dfbd304bed75e7efc6936ad672b88003c32564ecb54a0cf4854745323b7e,3e834751c7c00991c0ffe8eca5a649d0cb74a962d6149fcd52c7d297a4d44f29,0,"external validation on TUM fr3/walking_halfsphere; D2MA-B r5 direct dynamic plus boundary-risk admission guard; direct new veto=133793, boundary skipped new=8502, boundary LM pairs skipped=529; final_kfs=308, final_mps=4804, final_path=15.225326, lost_frames=0",/home/lj/dynamic-slam-public/runs/whalfsphere_d2ma_b_validation_20260513_205117/d2ma_b_r5
2026-05-13,wrpy_d2ma_boundary_r5_current_ref_run_1,external_wrpy_rawrgb_rawdepth_mask,hybrid_sequential_semantic_only,4,run_1,906,0.307193228497606,0.1514822467534406,0.27573915397047927,0.015342052434203399,0.5600245550549459,c9a146e76d85191674b85d6467bbf813834824c80878a202554da688b193dbdf,d9db3c5824e7c1e0b97108a0797cfc9a847137acab57c310ad5e00dc941dc8e9,0,"current-binary D2MA-B r5 hard boundary reference; observability on; ckf_skipped_new=9470, lm_skipped_pairs=298, final_kfs=285, final_mps=7393",/home/lj/dynamic-slam-public/runs/wrpy_d2ma_boundary_r5_current_ref_20260513_213952
2026-05-13,wrpy_d2ma_da_full_ckf_lm_s18_m2_obs2_run_1,external_wrpy_rawrgb_rawdepth_mask,hybrid_sequential_semantic_only,4,run_1,906,0.32234370013047053,0.15595657763118476,0.25141305737181174,0.0165839366546669,0.5626618058037387,cb7e316866d8e75ba4f590754c3446619564092cad82aa027f82bd227b35dbd8,86818a84fc68e9abb2d79a87d7cc6fa05373c88f05a2c0799698855b0108a752,0,"D2MA-DA-lite at both CKF and LM; support_radius=18, min_support=2, min_obs=2; CKF promoted new=2067 causing worse scale/global ATE than LM-only",/home/lj/dynamic-slam-public/runs/wrpy_d2ma_da_r5_s18_m2_obs2_20260513_211543
2026-05-13,wrpy_d2ma_da_full_ckf_lm_s18_m3_obs2_run_1,external_wrpy_rawrgb_rawdepth_mask,hybrid_sequential_semantic_only,4,run_1,906,0.3833165512879239,0.14928270062392515,0.22914082920601211,0.02511421942202531,0.6683778710562434,0e93ffc8903fbe723b98a13ead8720b12743faa3191f33ae22f3e3445da180fe,6a669740f7b2507920003478eeedcf1840572801f5588ac6d1fcc7434042acfb,0,"D2MA-DA-lite at both CKF and LM; support_radius=18, min_support=3, min_obs=2; stricter fixed support worsens SE3/RPE",/home/lj/dynamic-slam-public/runs/wrpy_d2ma_da_r5_s18_m3_obs2_20260513_211841
2026-05-13,wrpy_d2ma_da_lm_only_s18_m2_obs2_run_1,external_wrpy_rawrgb_rawdepth_mask,hybrid_sequential_semantic_only,4,run_1,906,0.2565335981149951,0.14350127835725837,0.3464498817461205,0.01730055846367381,0.5711841357798972,3ce212e90fdd64ebd6b1d25ec2fa8c14dca9aa8c99b2f2d4821fd448e9bfc9e1,dd0b52d1f3285414af73dc97ba409691beae45bc7dec25e0590e6e2927218400,0,"D2MA-DA-lite LM-only; CKF hard boundary veto remains on, LM admits support-confirmed boundary pairs; support_radius=18, min_support=2, min_obs=2; ckf_skipped_new=9444, lm_rejected_pairs=310, lm_promoted_pairs=74; best wrpy result in this layer",/home/lj/dynamic-slam-public/runs/wrpy_d2ma_da_lm_only_r5_s18_m2_obs2_20260513_212053
2026-05-13,whalfsphere_d2ma_boundary_r5_current_ref_run_1,external_whalfsphere_rawrgb_rawdepth_mask,hybrid_sequential_semantic_only,4,run_1,1064,0.2131321222661645,0.16823096546611668,0.7770550569905683,0.012443969035870797,0.45137158137779565,5c9f57bb8b2622310bf9d40ab2179e4878bf0a7359404d8f7c6b687d14d4d2f7,23ad988659da4e3e04e791f4d3ccfa0fa9461ce0f75625bc0f2f333dd8e233c9,0,"current-binary D2MA-B r5 hard boundary reference on walking_halfsphere; observability on; ckf_skipped_new=11183, lm_skipped_pairs=397, final_kfs=227, final_mps=5582",/home/lj/dynamic-slam-public/runs/whalfsphere_d2ma_boundary_r5_current_ref_20260513_214151
2026-05-13,whalfsphere_d2ma_da_lm_only_s18_m2_obs2_run_1,external_whalfsphere_rawrgb_rawdepth_mask,hybrid_sequential_semantic_only,4,run_1,1064,0.33363713488471686,0.23866052683454236,0.6449552846605713,0.012843809945503352,0.4644403746683502,e440723756842491c5d0b4602b60101ea477dd8c86e1baf968afc9b7c38fe503,7fcb196cd6b878315ee63edff1149b4991ce77c7c10d2e698b41ff4da5090d3b,0,"D2MA-DA-lite LM-only external failure; support_radius=18, min_support=2, min_obs=2; lm_rejected_pairs=317, lm_promoted_pairs=59; RPE slightly close but ATE/scale worse than hard D2MA-B",/home/lj/dynamic-slam-public/runs/whalfsphere_d2ma_da_lm_only_r5_s18_m2_obs2_20260513_212433
2026-05-13,whalfsphere_d2ma_da_lm_only_s18_m3_obs2_run_1,external_whalfsphere_rawrgb_rawdepth_mask,hybrid_sequential_semantic_only,4,run_1,1064,0.38664093840778496,0.26387757384288735,0.5909590291692539,0.013968368659163425,0.46854053094221904,8067adc39a0ccb388ac68e5063c10689644337f086a26581ba09abb36209f9b2,97d34e7f5fa40c381715b4fc23479242e1ec55ab16fc32fc0cc134493d507209,0,"D2MA-DA-lite LM-only external failure with stricter support; support_radius=18, min_support=3, min_obs=2; fixed-threshold DA does not generalize to walking_halfsphere",/home/lj/dynamic-slam-public/runs/whalfsphere_d2ma_da_lm_only_r5_s18_m3_obs2_20260513_213655
2026-05-13,canonical_sidechannel_six_whalfsphere_d2ma_b_r5,external_whalfsphere_rawrgb_rawdepth_mask,hybrid_sequential_semantic_only,4,canonical_single,1064,0.15609311235748924,0.11884398598286396,0.823257551203868,0.016220400138605894,0.48440217992782175,aef3dfbd304bed75e7efc6936ad672b88003c32564ecb54a0cf4854745323b7e,3e834751c7c00991c0ffe8eca5a649d0cb74a962d6149fcd52c7d297a4d44f29,0,protocol_valid=1 side_channel_isolation d2ma_b_r5,/home/lj/dynamic-slam-public/runs/canonical_sidechannel_six_20260513_233737/whalfsphere_d2ma_b_r5
2026-05-13,canonical_sidechannel_six_whalfsphere_raw,external_whalfsphere_rawrgb_rawdepth_mask,hybrid_sequential_semantic_only,4,canonical_single,1064,0.5064386497158724,0.2909794784452067,0.48440446593898756,0.019395705105377463,0.5227659945891182,d7c425c6ea807e70b0e3bfff4ee5fb0b7081a1dd6f7f28fe7b7feb564bd1add0,22afb04af0eecd2f2fb2291e8e688ecd9528061343cdd1f88475d73a3466b131,0,protocol_valid=1 side_channel_isolation raw,/home/lj/dynamic-slam-public/runs/canonical_sidechannel_six_20260513_233737/whalfsphere_raw
2026-05-13,canonical_sidechannel_six_wrpy_d2ma_b_r5,external_wrpy_rawrgb_rawdepth_mask,hybrid_sequential_semantic_only,4,canonical_single,906,0.2699994375074346,0.12072192570782232,0.361678485496571,0.0261731926584138,0.6060053888883153,d7db27b3b12f0c133374d77e24c01a5d1fb98b79c60fd1fd399d39314edc58b8,240fc4a620f7a08e3fae4a542add43afb76cf526f56903b61972bc3c08cca3ce,0,protocol_valid=1 side_channel_isolation d2ma_b_r5,/home/lj/dynamic-slam-public/runs/canonical_sidechannel_six_20260513_233737/wrpy_d2ma_b_r5
2026-05-13,canonical_sidechannel_six_wrpy_d2ma_min,external_wrpy_rawrgb_rawdepth_mask,hybrid_sequential_semantic_only,4,canonical_single,906,0.4748237461785551,0.15666828521533055,0.17269101408200735,0.024819068726148762,0.6149428195837757,f9a0ae183efebd38822ae7a3874a8e4c1aa265f62c8813881e6205e62f28b1e8,992be3f6a6276d2340a9940b10ba6af2f902e35b2ac6560ab5cbb83a9c9b361d,0,protocol_valid=1 side_channel_isolation d2ma_min,/home/lj/dynamic-slam-public/runs/canonical_sidechannel_six_20260513_233737/wrpy_d2ma_min
2026-05-13,canonical_sidechannel_six_wrpy_samecount_nonboundary_r5,external_wrpy_rawrgb_rawdepth_mask,hybrid_sequential_semantic_only,4,canonical_single,906,0.6044245531259185,0.15630568296415367,0.13888401256218397,0.025395075791235254,0.5930529011934527,4463f344dfdef4835fdc204f38d236bf3f0bdbc928963412a0ee6f4defd68327,a78eb01436bb04e2e2f074e81addf434c6fffc8bdcf24f1ad4283891dec2804e,0,protocol_valid=1 side_channel_isolation samecount_nonboundary_r5,/home/lj/dynamic-slam-public/runs/canonical_sidechannel_six_20260513_233737/wrpy_samecount_nonboundary_r5
2026-05-13,canonical_sidechannel_six_wxyz_d2ma_b_r5,ablation_ei_A_raw_rgb_raw_depth_wxyz,hybrid_sequential_semantic_only,4,canonical_single,857,0.017884008050644086,0.01604339384335689,0.9743573069394601,0.011772420044305934,0.37544396156156334,05e012796d16f66e67711b70bb8ca1a1258aba8b0ea416387c29e3b696d305f8,fb642444f6847d079090968b62cb534ea9e5d8dd2653945145c37d28ac851589,0,protocol_valid=1 side_channel_isolation d2ma_b_r5,/home/lj/dynamic-slam-public/runs/canonical_sidechannel_six_20260513_233737/wxyz_d2ma_b_r5
2026-05-14,canonical_repeat_matrix_20260514_whalfsphere_d2ma_b_r5_r1,external_whalfsphere_rawrgb_rawdepth_mask,hybrid_sequential_semantic_only,4,r1,1064,0.15609311235748924,0.11884398598286396,0.823257551203868,0.016220400138605894,0.48440217992782175,aef3dfbd304bed75e7efc6936ad672b88003c32564ecb54a0cf4854745323b7e,3e834751c7c00991c0ffe8eca5a649d0cb74a962d6149fcd52c7d297a4d44f29,0,repeat_matrix protocol_valid=1 side_channel_isolation d2ma_b_r5,/home/lj/dynamic-slam-public/runs/canonical_repeat_matrix_20260514_002248/whalfsphere_d2ma_b_r5/r1
2026-05-14,canonical_repeat_matrix_20260514_whalfsphere_d2ma_b_r5_r2,external_whalfsphere_rawrgb_rawdepth_mask,hybrid_sequential_semantic_only,4,r2,1064,0.15609311235748924,0.11884398598286396,0.823257551203868,0.016220400138605894,0.48440217992782175,aef3dfbd304bed75e7efc6936ad672b88003c32564ecb54a0cf4854745323b7e,3e834751c7c00991c0ffe8eca5a649d0cb74a962d6149fcd52c7d297a4d44f29,0,repeat_matrix protocol_valid=1 side_channel_isolation d2ma_b_r5,/home/lj/dynamic-slam-public/runs/canonical_repeat_matrix_20260514_002248/whalfsphere_d2ma_b_r5/r2
2026-05-14,canonical_repeat_matrix_20260514_whalfsphere_d2ma_b_r5_r3,external_whalfsphere_rawrgb_rawdepth_mask,hybrid_sequential_semantic_only,4,r3,1064,0.15609311235748924,0.11884398598286396,0.823257551203868,0.016220400138605894,0.48440217992782175,aef3dfbd304bed75e7efc6936ad672b88003c32564ecb54a0cf4854745323b7e,3e834751c7c00991c0ffe8eca5a649d0cb74a962d6149fcd52c7d297a4d44f29,0,repeat_matrix protocol_valid=1 side_channel_isolation d2ma_b_r5,/home/lj/dynamic-slam-public/runs/canonical_repeat_matrix_20260514_002248/whalfsphere_d2ma_b_r5/r3
2026-05-14,canonical_repeat_matrix_20260514_wrpy_d2ma_b_r5_r1,external_wrpy_rawrgb_rawdepth_mask,hybrid_sequential_semantic_only,4,r1,906,0.2699994375074346,0.12072192570782232,0.361678485496571,0.0261731926584138,0.6060053888883153,d7db27b3b12f0c133374d77e24c01a5d1fb98b79c60fd1fd399d39314edc58b8,240fc4a620f7a08e3fae4a542add43afb76cf526f56903b61972bc3c08cca3ce,0,repeat_matrix protocol_valid=1 side_channel_isolation d2ma_b_r5,/home/lj/dynamic-slam-public/runs/canonical_repeat_matrix_20260514_002248/wrpy_d2ma_b_r5/r1
2026-05-14,canonical_repeat_matrix_20260514_wrpy_d2ma_b_r5_r2,external_wrpy_rawrgb_rawdepth_mask,hybrid_sequential_semantic_only,4,r2,906,0.2699994375074346,0.12072192570782232,0.361678485496571,0.0261731926584138,0.6060053888883153,d7db27b3b12f0c133374d77e24c01a5d1fb98b79c60fd1fd399d39314edc58b8,240fc4a620f7a08e3fae4a542add43afb76cf526f56903b61972bc3c08cca3ce,0,repeat_matrix protocol_valid=1 side_channel_isolation d2ma_b_r5,/home/lj/dynamic-slam-public/runs/canonical_repeat_matrix_20260514_002248/wrpy_d2ma_b_r5/r2
2026-05-14,canonical_repeat_matrix_20260514_wrpy_d2ma_b_r5_r3,external_wrpy_rawrgb_rawdepth_mask,hybrid_sequential_semantic_only,4,r3,906,0.2699994375074346,0.12072192570782232,0.361678485496571,0.0261731926584138,0.6060053888883153,d7db27b3b12f0c133374d77e24c01a5d1fb98b79c60fd1fd399d39314edc58b8,240fc4a620f7a08e3fae4a542add43afb76cf526f56903b61972bc3c08cca3ce,0,repeat_matrix protocol_valid=1 side_channel_isolation d2ma_b_r5,/home/lj/dynamic-slam-public/runs/canonical_repeat_matrix_20260514_002248/wrpy_d2ma_b_r5/r3
2026-05-14,canonical_repeat_matrix_20260514_wrpy_samecount_nonboundary_r5_r1,external_wrpy_rawrgb_rawdepth_mask,hybrid_sequential_semantic_only,4,r1,906,0.6044245531259185,0.15630568296415367,0.13888401256218397,0.025395075791235254,0.5930529011934527,4463f344dfdef4835fdc204f38d236bf3f0bdbc928963412a0ee6f4defd68327,a78eb01436bb04e2e2f074e81addf434c6fffc8bdcf24f1ad4283891dec2804e,0,repeat_matrix protocol_valid=1 side_channel_isolation samecount_nonboundary_r5,/home/lj/dynamic-slam-public/runs/canonical_repeat_matrix_20260514_002248/wrpy_samecount_nonboundary_r5/r1
2026-05-14,canonical_repeat_matrix_20260514_wrpy_samecount_nonboundary_r5_r2,external_wrpy_rawrgb_rawdepth_mask,hybrid_sequential_semantic_only,4,r2,906,0.6044245531259185,0.15630568296415367,0.13888401256218397,0.025395075791235254,0.5930529011934527,4463f344dfdef4835fdc204f38d236bf3f0bdbc928963412a0ee6f4defd68327,a78eb01436bb04e2e2f074e81addf434c6fffc8bdcf24f1ad4283891dec2804e,0,repeat_matrix protocol_valid=1 side_channel_isolation samecount_nonboundary_r5,/home/lj/dynamic-slam-public/runs/canonical_repeat_matrix_20260514_002248/wrpy_samecount_nonboundary_r5/r2
2026-05-14,canonical_repeat_matrix_20260514_wrpy_samecount_nonboundary_r5_r3,external_wrpy_rawrgb_rawdepth_mask,hybrid_sequential_semantic_only,4,r3,906,0.6044245531259185,0.15630568296415367,0.13888401256218397,0.025395075791235254,0.5930529011934527,4463f344dfdef4835fdc204f38d236bf3f0bdbc928963412a0ee6f4defd68327,a78eb01436bb04e2e2f074e81addf434c6fffc8bdcf24f1ad4283891dec2804e,0,repeat_matrix protocol_valid=1 side_channel_isolation samecount_nonboundary_r5,/home/lj/dynamic-slam-public/runs/canonical_repeat_matrix_20260514_002248/wrpy_samecount_nonboundary_r5/r3
2026-05-14,canonical_repeat_matrix_20260514_wxyz_d2ma_b_r5_r1,ablation_ei_A_raw_rgb_raw_depth_wxyz,hybrid_sequential_semantic_only,4,r1,857,0.017884008050644086,0.01604339384335689,0.9743573069394601,0.011772420044305934,0.37544396156156334,05e012796d16f66e67711b70bb8ca1a1258aba8b0ea416387c29e3b696d305f8,fb642444f6847d079090968b62cb534ea9e5d8dd2653945145c37d28ac851589,0,repeat_matrix protocol_valid=1 side_channel_isolation d2ma_b_r5,/home/lj/dynamic-slam-public/runs/canonical_repeat_matrix_20260514_002248/wxyz_d2ma_b_r5/r1
2026-05-14,canonical_repeat_matrix_20260514_wxyz_d2ma_b_r5_r2,ablation_ei_A_raw_rgb_raw_depth_wxyz,hybrid_sequential_semantic_only,4,r2,857,0.017884008050644086,0.01604339384335689,0.9743573069394601,0.011772420044305934,0.37544396156156334,05e012796d16f66e67711b70bb8ca1a1258aba8b0ea416387c29e3b696d305f8,fb642444f6847d079090968b62cb534ea9e5d8dd2653945145c37d28ac851589,0,repeat_matrix protocol_valid=1 side_channel_isolation d2ma_b_r5,/home/lj/dynamic-slam-public/runs/canonical_repeat_matrix_20260514_002248/wxyz_d2ma_b_r5/r2
2026-05-14,canonical_repeat_matrix_20260514_wxyz_d2ma_b_r5_r3,ablation_ei_A_raw_rgb_raw_depth_wxyz,hybrid_sequential_semantic_only,4,r3,857,0.017884008050644086,0.01604339384335689,0.9743573069394601,0.011772420044305934,0.37544396156156334,05e012796d16f66e67711b70bb8ca1a1258aba8b0ea416387c29e3b696d305f8,fb642444f6847d079090968b62cb534ea9e5d8dd2653945145c37d28ac851589,0,repeat_matrix protocol_valid=1 side_channel_isolation d2ma_b_r5,/home/lj/dynamic-slam-public/runs/canonical_repeat_matrix_20260514_002248/wxyz_d2ma_b_r5/r3
2026-05-14,static_negative_control_20260514_wstatic_raw_r1,external_wstatic_rawrgb_rawdepth_mask,hybrid_sequential_semantic_only,4,r1,740,0.07334999840856724,0.014798310818255,0.22427552707341206,0.017894591614465213,0.34055685613412895,b942b53e9b32e183ae4a91f6a178df9f84f480df1e1c881ac5e6a0f8189bc9a6,92d7d9398f6c0eaf468a599a72ff6be961410725e0c4102f5f8961eca36a0002,0,static_negative_control protocol_valid=1 side_channel_isolation raw,/home/lj/dynamic-slam-public/runs/static_negative_control_20260514_013917/raw/r1
2026-05-14,static_negative_control_20260514_wstatic_raw_r2,external_wstatic_rawrgb_rawdepth_mask,hybrid_sequential_semantic_only,4,r2,740,0.07334999840856724,0.014798310818255,0.22427552707341206,0.017894591614465213,0.34055685613412895,b942b53e9b32e183ae4a91f6a178df9f84f480df1e1c881ac5e6a0f8189bc9a6,92d7d9398f6c0eaf468a599a72ff6be961410725e0c4102f5f8961eca36a0002,0,static_negative_control protocol_valid=1 side_channel_isolation raw,/home/lj/dynamic-slam-public/runs/static_negative_control_20260514_013917/raw/r2
2026-05-14,static_negative_control_20260514_wstatic_raw_r3,external_wstatic_rawrgb_rawdepth_mask,hybrid_sequential_semantic_only,4,r3,740,0.07334999840856724,0.014798310818255,0.22427552707341206,0.017894591614465213,0.34055685613412895,b942b53e9b32e183ae4a91f6a178df9f84f480df1e1c881ac5e6a0f8189bc9a6,92d7d9398f6c0eaf468a599a72ff6be961410725e0c4102f5f8961eca36a0002,0,static_negative_control protocol_valid=1 side_channel_isolation raw,/home/lj/dynamic-slam-public/runs/static_negative_control_20260514_013917/raw/r3
2026-05-14,static_negative_control_20260514_wstatic_d2ma_b_r5_r1,external_wstatic_rawrgb_rawdepth_mask,hybrid_sequential_semantic_only,4,r1,740,0.010971918193329332,0.00870271065401036,0.7820276366431497,0.010462353182265216,0.21977650851806008,44af41704fa4178fba79a97be898409f226dd71118f32cc4500b0141ff1208be,3cf4705311ce4d5e5f7efe3e0b9ad8330c7e08ae6ee71c4df584794cae40cd90,0,static_negative_control protocol_valid=1 side_channel_isolation d2ma_b_r5,/home/lj/dynamic-slam-public/runs/static_negative_control_20260514_013917/d2ma_b_r5/r1
2026-05-14,static_negative_control_20260514_wstatic_d2ma_b_r5_r2,external_wstatic_rawrgb_rawdepth_mask,hybrid_sequential_semantic_only,4,r2,740,0.010971918193329332,0.00870271065401036,0.7820276366431497,0.010462353182265216,0.21977650851806008,44af41704fa4178fba79a97be898409f226dd71118f32cc4500b0141ff1208be,3cf4705311ce4d5e5f7efe3e0b9ad8330c7e08ae6ee71c4df584794cae40cd90,0,static_negative_control protocol_valid=1 side_channel_isolation d2ma_b_r5,/home/lj/dynamic-slam-public/runs/static_negative_control_20260514_013917/d2ma_b_r5/r2
2026-05-14,static_negative_control_20260514_wstatic_d2ma_b_r5_r3,external_wstatic_rawrgb_rawdepth_mask,hybrid_sequential_semantic_only,4,r3,740,0.010971918193329332,0.00870271065401036,0.7820276366431497,0.010462353182265216,0.21977650851806008,44af41704fa4178fba79a97be898409f226dd71118f32cc4500b0141ff1208be,3cf4705311ce4d5e5f7efe3e0b9ad8330c7e08ae6ee71c4df584794cae40cd90,0,static_negative_control protocol_valid=1 side_channel_isolation d2ma_b_r5,/home/lj/dynamic-slam-public/runs/static_negative_control_20260514_013917/d2ma_b_r5/r3
2026-05-14,matched_nonboundary_mechanism_20260514_wrpy_matched_nonboundary_r5_r1,external_wrpy_rawrgb_rawdepth_mask,hybrid_sequential_semantic_only,4,r1,906,0.39007105322880176,0.14552889978014286,0.23324720978854435,0.026268727659170134,0.6067420671694258,29e3e5f8589b2b77269f7601f7269c181cd3cf2ba32a81ad47bcc5189475a34f,498f95e712cced79e6c2a75660f27296b2605b03fd6fc16c83c0a2c0e2ac7ada,0,matched_nonboundary_mechanism protocol_valid=1 side_channel_isolation matched_nonboundary_r5 grid=4x3 depth+octave matched control,/home/lj/dynamic-slam-public/runs/matched_nonboundary_probe_20260514_150436/wrpy_matched_nonboundary_r5/r1
2026-05-14,matched_nonboundary_mechanism_20260514_wrpy_matched_nonboundary_r5_r2,external_wrpy_rawrgb_rawdepth_mask,hybrid_sequential_semantic_only,4,r2,906,0.39007105322880176,0.14552889978014286,0.23324720978854435,0.026268727659170134,0.6067420671694258,29e3e5f8589b2b77269f7601f7269c181cd3cf2ba32a81ad47bcc5189475a34f,498f95e712cced79e6c2a75660f27296b2605b03fd6fc16c83c0a2c0e2ac7ada,0,matched_nonboundary_mechanism protocol_valid=1 side_channel_isolation matched_nonboundary_r5 grid=4x3 depth+octave matched control,/home/lj/dynamic-slam-public/runs/matched_nonboundary_probe_20260514_150436/wrpy_matched_nonboundary_r5/r2
2026-05-14,matched_nonboundary_mechanism_20260514_wrpy_matched_nonboundary_r5_r3,external_wrpy_rawrgb_rawdepth_mask,hybrid_sequential_semantic_only,4,r3,906,0.39007105322880176,0.14552889978014286,0.23324720978854435,0.026268727659170134,0.6067420671694258,29e3e5f8589b2b77269f7601f7269c181cd3cf2ba32a81ad47bcc5189475a34f,498f95e712cced79e6c2a75660f27296b2605b03fd6fc16c83c0a2c0e2ac7ada,0,matched_nonboundary_mechanism protocol_valid=1 side_channel_isolation matched_nonboundary_r5 grid=4x3 depth+octave matched control,/home/lj/dynamic-slam-public/runs/matched_nonboundary_probe_20260514_150436/wrpy_matched_nonboundary_r5/r3
2026-05-14,near_boundary_mechanism_20260514_sidecar_wrpy_d2ma_min_diag,external_wrpy_rawrgb_rawdepth_mask,hybrid_sequential_semantic_only,4,r1,906,0.4921118609815258,0.15202040685107726,0.17740407447572898,0.024694704779286928,0.5928061975440196,62e3bf49b97c2b7f691f32748c80d5943fef24f28c673fc2bf2f0d031344af40,3fa404e30a62b42f9d2731b474febe90c3ed40e5fa201ef26c767935b2968a09,0,near_boundary_mechanism sidecar diagnostics protocol_valid=1 method=d2ma_min radius_px=5; use for mechanism proof not canonical repeat,/home/lj/dynamic-slam-public/runs/near_boundary_mechanism_20260514_153939/sidecar_wrpy_d2ma_min_diag/r1
2026-05-14,near_boundary_mechanism_20260514_sidecar_wrpy_d2ma_b_r5_diag,external_wrpy_rawrgb_rawdepth_mask,hybrid_sequential_semantic_only,4,r1,906,0.2742611360185938,0.12456190699001933,0.35307194530578206,0.026288139343961032,0.6331114944253486,fe556990c2c4b12240c7b0a16be946101c4553f7854134b916203c08d3c0c0dc,9d5722ab874daa61221581ae8eb5537a7acb27f07c2dd3c4cd72a6216435c9e8,0,near_boundary_mechanism sidecar diagnostics protocol_valid=1 method=d2ma_b_r5 radius_px=5; use for mechanism proof not canonical repeat,/home/lj/dynamic-slam-public/runs/near_boundary_mechanism_20260514_153939/sidecar_wrpy_d2ma_b_r5_diag/r1
2026-05-14,near_boundary_mechanism_20260514_wrpy_d2ma_support_b_r5_s18_m2_o2_probe,external_wrpy_rawrgb_rawdepth_mask,hybrid_sequential_semantic_only,4,r1,906,0.35064204503939655,0.14150605357311727,0.26423728967251653,0.024250923878203906,0.5875966306646004,840efd88c8315dcd5e1ff242056415799905ec5e8ca5bcc869740c39b676897d,a320982756ea2b79d410deec139ebba2a7a21fb3b7df24221d0db1f321cd2224,0,near_boundary_mechanism protocol_valid=1 method=d2ma_support_b_r5_s18_m2_o2; support-aware probe no near-boundary diagnostics,/home/lj/dynamic-slam-public/runs/near_boundary_mechanism_20260514_153939/wrpy_d2ma_support_b_r5_s18_m2_o2_probe/r1
2026-05-14,near_boundary_mechanism_20260514_sidecar_wrpy_d2ma_support_b_r5_s18_m2_o2_diag,external_wrpy_rawrgb_rawdepth_mask,hybrid_sequential_semantic_only,4,r1,906,0.3036044586564203,0.13023985316647937,0.3178957806152213,0.032964102009590907,0.7477474065824491,0fb6605f7ff0837dd5b6d74bcb6e46e97fe2c6bcac41f07c88a55710a8d90c75,5a68dbf11cc1f38398e647dfceaf64bc905947ccf221c9ffa564097ab01deeb6,0,near_boundary_mechanism protocol_valid=1 method=d2ma_support_b_r5_s18_m2_o2; support-aware sidecar diagnostics radius_px=5,/home/lj/dynamic-slam-public/runs/near_boundary_mechanism_20260514_153939/sidecar_wrpy_d2ma_support_b_r5_s18_m2_o2_diag/r1
2026-05-14,support_quality_v3_20260514_wxyz_supportq_full_r1,ablation_ei_A_raw_rgb_raw_depth_wxyz,hybrid_sequential_semantic_only,4,r1,857,0.01806134844576227,0.01571818863941837,0.9712252478950617,0.012115799085697014,0.36857278460518533,0d03400eec96566016217459542cc448ed62933db1dc4aaf2e978e5c4c1d2a81,0e72594589af50fbaa9fbf42f9d3fa9560883474324a2eff26478e0ce3a8bb28,0,support_quality_v3 protocol_valid=1 method=d2ma_supportq_b_r5_s18_m2_o2_q2; CKF+LM support quality; CKF promoted=48 LM promoted=6; mechanism smoke fixed ORB Observations fallback,/home/lj/dynamic-slam-public/runs/supportq_v3_full_20260514_001/wxyz_supportq_r1
2026-05-14,support_quality_v3_20260514_wrpy_supportq_full_r1,external_wrpy_rawrgb_rawdepth_mask,hybrid_sequential_semantic_only,4,r1,906,0.31609682505329145,0.13267077878936914,0.3039560585273224,0.024438300929182612,0.5580550965211417,e66d7ea36bf8a92f10c37ac071315734e712991880ebc57cd2779ce8a223065b,b19fd9688038962bd6399caa244eb455a2ee3a0e310ca7aba98ee45557915c6e,0,support_quality_v3 protocol_valid=1 method=d2ma_supportq_b_r5_s18_m2_o2_q2; CKF+LM support quality; CKF promoted=79 LM promoted=3; still worse than hard boundary on wrpy,/home/lj/dynamic-slam-public/runs/supportq_v3_full_20260514_001/wrpy_supportq_r1
2026-05-14,support_quality_v3_20260514_wrpy_supportq_lm_only_r1,external_wrpy_rawrgb_rawdepth_mask,hybrid_sequential_semantic_only,4,r1,906,0.2740195743661654,0.12636156470781687,0.3512592247403866,0.02605375488924872,0.6300147338713745,474eb6ae11a5f1713302c02dd116f98848bf749d60f62db2f05fcb3d6422ead7,594e5c18bb5cc0400a9962f90a86e127edde4b2a2974797a9f05b572cf47992c,0,support_quality_v3 protocol_valid=1 method=d2ma_supportq_lm_only_b_r5_s18_m2_o2_q2; CKF hard boundary plus LM support quality; LM promoted=7; closest to hard boundary but not better,/home/lj/dynamic-slam-public/runs/supportq_v3_full_20260514_001/wrpy_supportq_lm_only_r1
2026-05-14,support_quality_v3_lm_sweep_20260514_wrpy_lm_d1_rel0p25_i0p60,external_wrpy_rawrgb_rawdepth_mask,hybrid_sequential_semantic_only,4,r1,906,0.2740195743661654,0.12636156470781687,0.3512592247403866,0.02605375488924872,0.6300147338713745,474eb6ae11a5f1713302c02dd116f98848bf749d60f62db2f05fcb3d6422ead7,594e5c18bb5cc0400a9962f90a86e127edde4b2a2974797a9f05b572cf47992c,0,support_quality_v3_lm_sweep protocol_valid=1 method=d2ma_supportq_lm_only_sweep; thresholds encoded in case name; LM promoted=7; decomposed support raw/found/frame/raw_depth/reliable/residual/depth=874/647/613/511/160/166/57,runs/supportq_v3_lm_sweep_20260514_001/wrpy_lm_d1_rel0p25_i0p60
2026-05-14,support_quality_v3_lm_sweep_20260514_wrpy_lm_d1_rel0p25_i0p70,external_wrpy_rawrgb_rawdepth_mask,hybrid_sequential_semantic_only,4,r1,906,0.2740195743661654,0.12636156470781687,0.3512592247403866,0.02605375488924872,0.6300147338713745,474eb6ae11a5f1713302c02dd116f98848bf749d60f62db2f05fcb3d6422ead7,594e5c18bb5cc0400a9962f90a86e127edde4b2a2974797a9f05b572cf47992c,0,support_quality_v3_lm_sweep protocol_valid=1 method=d2ma_supportq_lm_only_sweep; thresholds encoded in case name; LM promoted=7; decomposed support raw/found/frame/raw_depth/reliable/residual/depth=874/647/613/511/160/166/57,runs/supportq_v3_lm_sweep_20260514_001/wrpy_lm_d1_rel0p25_i0p70
2026-05-14,support_quality_v3_lm_sweep_20260514_wrpy_lm_d1_rel0p40_i0p60,external_wrpy_rawrgb_rawdepth_mask,hybrid_sequential_semantic_only,4,r1,906,0.2740195743661654,0.12636156470781687,0.3512592247403866,0.02605375488924872,0.6300147338713745,474eb6ae11a5f1713302c02dd116f98848bf749d60f62db2f05fcb3d6422ead7,594e5c18bb5cc0400a9962f90a86e127edde4b2a2974797a9f05b572cf47992c,0,support_quality_v3_lm_sweep protocol_valid=1 method=d2ma_supportq_lm_only_sweep; thresholds encoded in case name; LM promoted=7; decomposed support raw/found/frame/raw_depth/reliable/residual/depth=874/647/613/584/160/166/70,runs/supportq_v3_lm_sweep_20260514_001/wrpy_lm_d1_rel0p40_i0p60
2026-05-14,support_quality_v3_lm_sweep_20260514_wrpy_lm_d1_rel0p40_i0p70,external_wrpy_rawrgb_rawdepth_mask,hybrid_sequential_semantic_only,4,r1,906,0.2740195743661654,0.12636156470781687,0.3512592247403866,0.02605375488924872,0.6300147338713745,474eb6ae11a5f1713302c02dd116f98848bf749d60f62db2f05fcb3d6422ead7,594e5c18bb5cc0400a9962f90a86e127edde4b2a2974797a9f05b572cf47992c,0,support_quality_v3_lm_sweep protocol_valid=1 method=d2ma_supportq_lm_only_sweep; thresholds encoded in case name; LM promoted=7; decomposed support raw/found/frame/raw_depth/reliable/residual/depth=874/647/613/584/160/166/70,runs/supportq_v3_lm_sweep_20260514_001/wrpy_lm_d1_rel0p40_i0p70
2026-05-14,support_quality_v3_lm_sweep_20260514_wrpy_lm_d2_rel0p25_i0p60,external_wrpy_rawrgb_rawdepth_mask,hybrid_sequential_semantic_only,4,r1,906,0.2740195743661654,0.12636156470781687,0.3512592247403866,0.02605375488924872,0.6300147338713745,474eb6ae11a5f1713302c02dd116f98848bf749d60f62db2f05fcb3d6422ead7,594e5c18bb5cc0400a9962f90a86e127edde4b2a2974797a9f05b572cf47992c,0,support_quality_v3_lm_sweep protocol_valid=1 method=d2ma_supportq_lm_only_sweep; thresholds encoded in case name; LM promoted=7; decomposed support raw/found/frame/raw_depth/reliable/residual/depth=874/647/613/511/160/166/57,runs/supportq_v3_lm_sweep_20260514_001/wrpy_lm_d2_rel0p25_i0p60
2026-05-14,support_quality_v3_lm_sweep_20260514_wrpy_lm_d2_rel0p25_i0p70,external_wrpy_rawrgb_rawdepth_mask,hybrid_sequential_semantic_only,4,r1,906,0.2740195743661654,0.12636156470781687,0.3512592247403866,0.02605375488924872,0.6300147338713745,474eb6ae11a5f1713302c02dd116f98848bf749d60f62db2f05fcb3d6422ead7,594e5c18bb5cc0400a9962f90a86e127edde4b2a2974797a9f05b572cf47992c,0,support_quality_v3_lm_sweep protocol_valid=1 method=d2ma_supportq_lm_only_sweep; thresholds encoded in case name; LM promoted=7; decomposed support raw/found/frame/raw_depth/reliable/residual/depth=874/647/613/511/160/166/57,runs/supportq_v3_lm_sweep_20260514_001/wrpy_lm_d2_rel0p25_i0p70
2026-05-14,support_quality_v3_lm_sweep_20260514_wrpy_lm_d2_rel0p40_i0p60,external_wrpy_rawrgb_rawdepth_mask,hybrid_sequential_semantic_only,4,r1,906,0.2740195743661654,0.12636156470781687,0.3512592247403866,0.02605375488924872,0.6300147338713745,474eb6ae11a5f1713302c02dd116f98848bf749d60f62db2f05fcb3d6422ead7,594e5c18bb5cc0400a9962f90a86e127edde4b2a2974797a9f05b572cf47992c,0,support_quality_v3_lm_sweep protocol_valid=1 method=d2ma_supportq_lm_only_sweep; thresholds encoded in case name; LM promoted=7; decomposed support raw/found/frame/raw_depth/reliable/residual/depth=874/647/613/584/160/166/70,runs/supportq_v3_lm_sweep_20260514_001/wrpy_lm_d2_rel0p40_i0p60
2026-05-14,support_quality_v3_lm_sweep_20260514_wrpy_lm_d2_rel0p40_i0p70,external_wrpy_rawrgb_rawdepth_mask,hybrid_sequential_semantic_only,4,r1,906,0.2740195743661654,0.12636156470781687,0.3512592247403866,0.02605375488924872,0.6300147338713745,474eb6ae11a5f1713302c02dd116f98848bf749d60f62db2f05fcb3d6422ead7,594e5c18bb5cc0400a9962f90a86e127edde4b2a2974797a9f05b572cf47992c,0,support_quality_v3_lm_sweep protocol_valid=1 method=d2ma_supportq_lm_only_sweep; thresholds encoded in case name; LM promoted=7; decomposed support raw/found/frame/raw_depth/reliable/residual/depth=874/647/613/584/160/166/70,runs/supportq_v3_lm_sweep_20260514_001/wrpy_lm_d2_rel0p40_i0p70
2026-05-14,support_quality_v3_geom_funnel_20260514_wrpy_lm_d1_rel0p25_i0p60,external_wrpy_rawrgb_rawdepth_mask,hybrid_sequential_semantic_only,4,r1,906,0.281984,0.122578,0.347392521,0.027698,0.652405,276884555b9f31364734483964b4edae42eedb21c10c62c342b184457ab775e0,0833c987faedcb125bec3d8bf78dd0f7353f0987fbb07f8c89e5771cfcbfd7d1,0,support_quality_v3 geometry funnel probe protocol_valid=1; low-disturb logging after code instrumentation; LM promoted=11; geom enter/parallax/triangulated/depth/reproj1/reproj2/scale/created=11/11/11/11/7/6/6/6; mechanism probe not canonical repeat,/home/lj/dynamic-slam-public/runs/supportq_v3_lm_geom_funnel_20260514_001/wrpy_lm_d1_rel0p25_i0p60
2026-05-14,support_quality_v4_score_lm_only_20260514_wrpy_score_v4_r1,external_wrpy_rawrgb_rawdepth_mask,hybrid_sequential_semantic_only,4,r1,906,0.2854273463858682,0.12615546666876812,0.33991721296066635,0.025873298737280132,0.611905852929757,c4cf3cf7d6fa9c3759ea84be1b86e03317330dc3916c4ff9eb97b4501c7a2c57,7c4d6a40dcf892186a1839c817e81cc31f069a38d7f3b274273c38fdb37ec5a3,0,support_quality_v4 score-based LM-only probe protocol_valid=1; score candidates/accepted/rejected/geom/postgeom/created=500/57/443/41/1/40; mixed temporal effect vs hard boundary; mechanism probe not final optimal,/home/lj/dynamic-slam-public/runs/score_v4_lm_only_20260514_001/wrpy_score_v4_r1
2026-05-14,support_quality_v5_usefulness_20260514_wrpy_v4_samebuild_control_r1,external_wrpy_rawrgb_rawdepth_mask,hybrid_sequential_semantic_only,4,r1,906,0.2854273463858682,0.12615546666876812,0.33991721296066635,0.025873298737280132,0.611905852929757,c4cf3cf7d6fa9c3759ea84be1b86e03317330dc3916c4ff9eb97b4501c7a2c57,7c4d6a40dcf892186a1839c817e81cc31f069a38d7f3b274273c38fdb37ec5a3,0,V5 same-build control with V5 flag off; confirms code base still reproduces V4 baseline,/home/lj/dynamic-slam-public/runs/score_v5_usefulness_20260514_001/wrpy_score_v4_samebuild_r1
2026-05-14,support_quality_v5_usefulness_20260514_wrpy_v5_aggregate_probe_r2,external_wrpy_rawrgb_rawdepth_mask,hybrid_sequential_semantic_only,4,r2,906,0.4562418341199438,0.1554149413306344,0.18229750095643923,0.026352099805338997,0.6052449745804236,333f4197bece2430b39d5236cc0e31069893da92754ebad0316ad5c7187924f8,4dc1ebe0e50bc413e59f6332fc69675e1b6f46cf3fe34f60e93963e0dca71023,0,V5 online usefulness probe protocol_valid=1; diagnostic path perturbs trajectory; candidates/accepted/created=557/73/50; pose_use_inlier=0.621 chi2=17.46; not canonical precision,/home/lj/dynamic-slam-public/runs/score_v5_usefulness_20260514_001/wrpy_score_v5_aggregate_r2
2026-05-14,support_quality_v5_algo_20260514_wrpy_strict_residual_r1,external_wrpy_rawrgb_rawdepth_mask,hybrid_sequential_semantic_only,4,r1,906,0.2837506523774537,0.12557128927867006,0.34225624901874735,0.02802228492589241,0.6255288987248839,3050db633f150829b4609d5c3872fb599cc76a40415f4b66188de413fb8721ef,12c0f4eeaa24570b4de497b138b3407ac979d2db87950260aeee1821a4e25c36,0,V5-inspired strict residual support using non-invasive V4 execution; score candidates/accepted/created=682/17/11; small improvement vs V4 but still worse than hard boundary,/home/lj/dynamic-slam-public/runs/score_v5_usefulness_20260514_001/wrpy_v5_algo_strict_residual_r1
2026-05-14,support_quality_v5_algo_20260514_wrpy_high_confidence_r1,external_wrpy_rawrgb_rawdepth_mask,hybrid_sequential_semantic_only,4,r1,906,0.30029537697384906,0.12737721447513195,0.3245522125812514,0.028153846284048798,0.648926415066786,85a2ea7afb6e43a59305780ebfd88b21a026ed5210c1903c9360191a33173fad,c1619b6c20902e089cca0322da7efbc51ae85cec68fb09d76f0d33ba0bd286cc,0,V5-inspired high-confidence admission using non-invasive V4 execution; score candidates/accepted/created=524/6/6; stricter admission is not monotonic and worsens scale,/home/lj/dynamic-slam-public/runs/score_v5_usefulness_20260514_001/wrpy_v5_algo_high_confidence_r1
2026-05-14,state_aware_v6_20260514_wrpy_state_v6_r1,external_wrpy_rawrgb_rawdepth_mask,hybrid_sequential_semantic_only,4,r1,906,0.2854273463858682,0.12615546666876812,0.33991721296066635,0.025873298737280132,0.611905852929757,c4cf3cf7d6fa9c3759ea84be1b86e03317330dc3916c4ff9eb97b4501c7a2c57,7c4d6a40dcf892186a1839c817e81cc31f069a38d7f3b274273c38fdb37ec5a3,0,V6 state-aware default min_need=1; equivalent to V4 on wrpy; state candidates/allowed/rejected=57/57/0; pressures tracking/keyframe/scale/lba=15/44/12/0,/home/lj/dynamic-slam-public/runs/state_aware_v6_20260514_001/wrpy_state_v6_r1
2026-05-14,state_aware_v6_20260514_wrpy_state_v6_need2_r1,external_wrpy_rawrgb_rawdepth_mask,hybrid_sequential_semantic_only,4,r1,906,0.3376321693163795,0.13505376891285917,0.283961338201661,0.025235212314568274,0.5981247229920088,dced058a019391e6e778e5a91bbda060a83856be982f1ce35cb4179c2bb791c8,6292522f8e238202188ba2d47efc4cfb7d016dd1c4903ca7defeb64d3c4c5f85,0,V6 state-aware min_need=2; stricter gate worsens wrpy scale; state candidates/allowed/rejected=80/23/57; created=16,/home/lj/dynamic-slam-public/runs/state_aware_v6_20260514_001/wrpy_state_v6_need2_r1
2026-05-14,state_aware_v6_20260514_wxyz_score_v4_samebuild_r1,ablation_ei_A_raw_rgb_raw_depth_wxyz,hybrid_sequential_semantic_only,4,r1,857,0.018034781301649223,0.016367612552295935,0.9753974712353429,0.012172416292987882,0.369057203105894,a9cd402ea4d56614b0b2752b11ac6cde7e70f163f40b42dcca9248c927daeecc,a49e1aec0ca7e62aadaf28ea29c97848f6edf3e2a326b9cc32e57e231f86fb76,0,V4 same-build control for V6 comparison; score candidates/accepted/rejected/created=493/53/440/23,/home/lj/dynamic-slam-public/runs/state_aware_v6_20260514_001/wxyz_score_v4_samebuild_r1
2026-05-14,state_aware_v6_20260514_wxyz_state_v6_r1,ablation_ei_A_raw_rgb_raw_depth_wxyz,hybrid_sequential_semantic_only,4,r1,857,0.018310800900419606,0.016445111188759947,0.9738807928416092,0.012088107869125479,0.3732543947311225,fcdd3419965ff6879da66459126a6881cc60dfcd509f7e21f711db1513b0120d,391d3e4a4c1972a645e661b4279e5651af982b72c8031256099e1a871e584b97,0,V6 state-aware default min_need=1; slight regression vs V4; state candidates/allowed/rejected=43/35/8; created=17,/home/lj/dynamic-slam-public/runs/state_aware_v6_20260514_001/wxyz_state_v6_r1
2026-05-14,state_aware_v6_20260514_wxyz_state_v6_need2_r1,ablation_ei_A_raw_rgb_raw_depth_wxyz,hybrid_sequential_semantic_only,4,r1,857,0.01781604927460669,0.01663654415919348,0.9792091742444857,0.012204485659430137,0.37311902311945694,c4ba19c1cd20e88761b0c094f0ed80ac8c57f3cceea33f2fdba55299f047b759,1bb6cb2db316b77a09a20c8b3356efeecdfe37f0553b713b39afb342ffbee035,0,V6 state-aware min_need=2; mixed result: lower SE3 and scale closer to 1 but worse Sim3/RPE; state candidates/allowed/rejected=72/4/68; created=3,/home/lj/dynamic-slam-public/runs/state_aware_v6_20260514_001/wxyz_state_v6_need2_r1
2026-05-14,near_boundary_usefulness_v6_20260514_wrpy_v4_near_diag_r1,external_wrpy_rawrgb_rawdepth_mask,hybrid_sequential_semantic_only,4,r1,906,0.3015824250777233,0.12767513682838003,0.3230345134316005,0.026225436846207054,0.6099401363596839,c9175c9cc9602f21184e78fd87b87b26625efc25d12ec6416775664d57378dae,24d660913d7f6f09adb8865e365722a26cdc5130a1f8e3739739a5d9e637a761,0,mechanism probe with STSLAM_NEAR_BOUNDARY_DIAGNOSTICS=1; V4 diag perturbs canonical; LM near/clean=36/6740; admission-near pose-use outlier=0.538 chi2=51.85,/home/lj/dynamic-slam-public/runs/near_boundary_usefulness_v6_20260514_001/wrpy_v4_near_diag_r1
2026-05-14,near_boundary_usefulness_v6_20260514_wrpy_v6_need2_near_diag_r1,external_wrpy_rawrgb_rawdepth_mask,hybrid_sequential_semantic_only,4,r1,906,0.3390262483136802,0.1371955892897309,0.27958555508554933,0.02594970627761765,0.6324409126292404,0e53ac77c76091a452ef273d864a4acbb6e4d03593ab092d302119b198433aae,ced4d2aed70bf5445a887007cf1bdc77a07a2646c54359a2160b01c50ff08f87,0,mechanism probe with near-boundary diagnostics; V6 min_need=2; LM near/clean=6/6604; admission-near pose-use outlier=0.074 chi2=8.85; quality improves but coverage collapses,/home/lj/dynamic-slam-public/runs/near_boundary_usefulness_v6_20260514_001/wrpy_v6_need2_near_diag_r1
2026-05-14,near_boundary_usefulness_v6_20260514_wxyz_v4_near_diag_r1,ablation_ei_A_raw_rgb_raw_depth_wxyz,hybrid_sequential_semantic_only,4,r1,857,0.017149325738502287,0.01578251750028861,0.9781458393520419,0.012060571613485581,0.3703007621755948,7fcbf83b579d9bccaf7837f7d0e4848db94f55f5283d00c284f75dab5d744f01,98d4f2d32668fa32c04d20c3804740d723e8adb373924b6e4802a22e6f04ac31,0,mechanism probe with near-boundary diagnostics; V4 diag; LM near/clean=10/4820; admission-near pose-use outlier=0.061 chi2=6.11,/home/lj/dynamic-slam-public/runs/near_boundary_usefulness_v6_20260514_001/wxyz_v4_near_diag_r1
2026-05-14,near_boundary_usefulness_v6_20260514_wxyz_v6_need2_near_diag_r1,ablation_ei_A_raw_rgb_raw_depth_wxyz,hybrid_sequential_semantic_only,4,r1,857,0.017700832960627095,0.015560499929759553,0.9726707137461479,0.011554045997695704,0.3681452412491287,25af5e1794d5ec34afb0413806a61746a59edc1db039bc9e45667901cab95df5,fa511f7b032b824cd90130596906c0b5cabe4f6ffcc4e615519ddf5b901418f9,0,mechanism probe with near-boundary diagnostics; V6 min_need=2; LM near/clean=1/4843; admission-near pose-use outlier=0.364 chi2=62.76; too few retained points,/home/lj/dynamic-slam-public/runs/near_boundary_usefulness_v6_20260514_001/wxyz_v6_need2_near_diag_r1
2026-05-14,coverage_aware_v7_20260514_wrpy_score_v4_samebuild_r1,external_wrpy_rawrgb_rawdepth_mask,hybrid_sequential_semantic_only,4,r1,906,0.2854273463858682,0.12615546666876812,0.33991721296066635,0.025873298737280132,0.611905852929757,c4cf3cf7d6fa9c3759ea84be1b86e03317330dc3916c4ff9eb97b4501c7a2c57,c5a2c9a11ce0e81bcb6fe078920386131d7c0506a3adb3b97a3613c9e5a19915,0,V4 same-build control for V7; score candidates/accepted/created=500/57/40,/home/lj/dynamic-slam-public/runs/coverage_aware_v7_20260514_001/wrpy_score_v4_samebuild_r1
2026-05-14,coverage_aware_v7_20260514_wrpy_v7_coverage_r1,external_wrpy_rawrgb_rawdepth_mask,hybrid_sequential_semantic_only,4,r1,906,0.30561561626747413,0.13135193800817693,0.3146183132583008,0.02773468996116278,0.6414902944390942,6c52ebebf5f0cde6a705a686b51b7e23032816db34a2155734898f6f5ac23864,5586df52e83e2498fd4c8e386402435cddc0c962332e31b5c848f8a25b0df889,0,V7 coverage-aware probation; candidates/allowed=46/46; probation residual_reject/survived/matured=7/40/12; no matched coverage gain and scale worsens,/home/lj/dynamic-slam-public/runs/coverage_aware_v7_20260514_001/wrpy_v7_coverage_r1
2026-05-14,coverage_aware_v7_20260514_wxyz_score_v4_samebuild_r1,ablation_ei_A_raw_rgb_raw_depth_wxyz,hybrid_sequential_semantic_only,4,r1,857,0.018034781301649223,0.016367612552295935,0.9753974712353429,0.012172416292987882,0.369057203105894,a9cd402ea4d56614b0b2752b11ac6cde7e70f163f40b42dcca9248c927daeecc,6d1eb8fb819bb05d0c05ed0bc6909868a0f260fde31243f0a94b0bbb896197d6,0,V4 same-build control for V7; score candidates/accepted/created=493/53/23,/home/lj/dynamic-slam-public/runs/coverage_aware_v7_20260514_001/wxyz_score_v4_samebuild_r1
2026-05-14,coverage_aware_v7_20260514_wxyz_v7_coverage_r1,ablation_ei_A_raw_rgb_raw_depth_wxyz,hybrid_sequential_semantic_only,4,r1,857,0.0177382530961297,0.015810380804069848,0.9739163108514424,0.011936966757189043,0.3772160932980205,abfe42840343a531bb2b4c2a1266b9501aba6e16ef0cddaac26295d9be54009d,c0915e3eeac80c1f8a43bee583ad7ef7a2f2ca265890d4aa9ebfed44c5d02420,0,V7 coverage-aware probation; candidates/allowed=33/32; probation residual_reject/survived/matured=4/20/147; slight SE3/Sim3 improvement,/home/lj/dynamic-slam-public/runs/coverage_aware_v7_20260514_001/wxyz_v7_coverage_r1
2026-05-14,strategy_confidence_v7_20260514_wrpy_v7_repeat_r2,external_wrpy_rawrgb_rawdepth_mask,hybrid_sequential_semantic_only,4,r2,906,0.30561561626747413,0.13135193800817693,0.3146183132583008,0.02773468996116278,0.6414902944390942,6c52ebebf5f0cde6a705a686b51b7e23032816db34a2155734898f6f5ac23864,5586df52e83e2498fd4c8e386402435cddc0c962332e31b5c848f8a25b0df889,0,V7 repeat confidence check; CameraTrajectory and KeyFrameTimeline byte-identical to r1; confirms wrpy regression is reproducible,/home/lj/dynamic-slam-public/runs/strategy_confidence_v7_20260514_001/wrpy_v7_repeat_r2
2026-05-14,strategy_confidence_v7_20260514_wxyz_v7_repeat_r2,ablation_ei_A_raw_rgb_raw_depth_wxyz,hybrid_sequential_semantic_only,4,r2,857,0.0177382530961297,0.015810380804069848,0.9739163108514424,0.011936966757189043,0.3772160932980205,abfe42840343a531bb2b4c2a1266b9501aba6e16ef0cddaac26295d9be54009d,c0915e3eeac80c1f8a43bee583ad7ef7a2f2ca265890d4aa9ebfed44c5d02420,0,V7 repeat confidence check; CameraTrajectory and KeyFrameTimeline byte-identical to r1; confirms small wxyz gain is reproducible,/home/lj/dynamic-slam-public/runs/strategy_confidence_v7_20260514_001/wxyz_v7_repeat_r2
